JNAME,Original_ID,z_L,z_S,velDisp,velDispErr,velDisp0,velDisp0Err,theta_E,theta_ap,theta_Eff,Seeing,theta_E_rad,theta_ap_rad,theta_Eff_rad,Seeing_rad,Reference,in_cao_2015,in_cao_2017,in_chen_2019,in_liu_2022,in_lastberu_cosmo_ground,Survey,GROUND_SPACE,axis_ratio,axis_ratio_err,theta_E_convention
J015107.4+004909.0,SDSSJ0151+0049,0.517,1.364,219,39,235.3917066,43.35026193,0.68,1,0.67,1.8,3.30E-06,4.85E-06,3.25E-06,8.73E-06,Chen et al. (2019),TRUE,TRUE,TRUE,TRUE,FALSE,BELLS,SPACE,0.752,0,Intermediate
J074724.1+505537.5,SDSSJ0747+5055,0.438,0.898,328,60,341.4064129,63.65506362,0.75,1,1.09,1.8,3.64E-06,4.85E-06,5.28E-06,8.73E-06,Chen et al. (2019),TRUE,FALSE,TRUE,TRUE,FALSE,BELLS,SPACE,0.641,0,Intermediate
J074734.8+444859.3,SDSSJ0747+4448,0.437,0.897,281,52,295.7769342,55.96473011,0.61,1,0.92,1.8,2.96E-06,4.85E-06,4.46E-06,8.73E-06,Chen et al. (2019),TRUE,TRUE,TRUE,TRUE,FALSE,BELLS,SPACE,0.641,0,Intermediate
J080105.3+472749.6,SDSSJ0801+4727,0.483,1.518,98,24,107.3895531,26.94768828,0.49,1,0.5,1.8,2.38E-06,4.85E-06,2.42E-06,8.73E-06,Chen et al. (2019),TRUE,FALSE,TRUE,TRUE,FALSE,BELLS,SPACE,0.891,0,Intermediate
J083049.7+511631.8,SDSSJ0830+5116,0.53,1.332,268,36,281.1097049,39.26923985,1.14,1,0.97,1.8,5.53E-06,4.85E-06,4.70E-06,8.73E-06,Chen et al. (2019),TRUE,TRUE,TRUE,TRUE,FALSE,BELLS,SPACE,0.887,0,Intermediate
J094427.5-014742.4,SDSSJ0944−0147,0.539,1.179,204,34,224.1487005,39.39900528,0.73,1,0.48,1.8,3.54E-06,4.85E-06,2.33E-06,8.73E-06,Chen et al. (2019),TRUE,TRUE,TRUE,TRUE,FALSE,BELLS,SPACE,0.922,0,Intermediate
J115944.6-000728.2,SDSSJ1159−0007,0.579,1.346,165,41,173.1896851,43.55001798,0.68,1,0.96,1.8,3.30E-06,4.85E-06,4.65E-06,8.73E-06,Chen et al. (2019),TRUE,FALSE,TRUE,TRUE,FALSE,BELLS,SPACE,0.815,0,Intermediate
J121504.4+004726.0,SDSSJ1215+0047,0.642,1.297,262,45,282.1739967,50.29958227,1.37,1,0.65,1.8,6.64E-06,4.85E-06,3.15E-06,8.73E-06,Chen et al. (2019),TRUE,TRUE,TRUE,TRUE,FALSE,BELLS,SPACE,0.742,0,Intermediate
J122151.9+380610.5,J122151.9+380610.5,0.5348269,1.2843771,218.98665,48.771194,225.7689317,50.8525179,0.7,1,1.2598675,1.167,3.39E-06,4.85E-06,6.11E-06,5.66E-06,LaStBeRu_cosmo_ground,TRUE,FALSE,TRUE,TRUE,TRUE,BELLS,SPACE,0.745,0,Intermediate
J123428.0-024129.6,SDSSJ1234−0241,0.49,1.016,122,31,127.3002676,32.6837395,0.53,1,1.05,1.8,2.57E-06,4.85E-06,5.09E-06,8.73E-06,Chen et al. (2019),TRUE,FALSE,TRUE,TRUE,FALSE,BELLS,SPACE,0.279,0,Intermediate
J131829.4-010421.6,J131829.4-010421.6,0.6592055,1.3958951,204.44635,29.459637,214.5966186,32.01033816,0.68,1,0.959818,1.25968,3.30E-06,4.85E-06,4.65E-06,6.11E-06,LaStBeRu_cosmo_ground,TRUE,FALSE,TRUE,TRUE,TRUE,BELLS,SPACE,0.836,0,Intermediate
J133751.3+362018.1,J133751.3+362018.1,0.5641943,1.182,245.26337,39.06217,249.2401574,40.44331898,1.39,1,1.5674429,1.87535,6.74E-06,4.85E-06,7.60E-06,9.09E-06,LaStBeRu_cosmo_ground,TRUE,TRUE,TRUE,TRUE,TRUE,BELLS,SPACE,0.682,0,Intermediate
J134910.3+361239.7,SDSSJ1349+3612,0.44,0.893,178,18,178.6658307,18.84858177,0.75,1,1.89,1.8,3.64E-06,4.85E-06,9.16E-06,8.73E-06,Chen et al. (2019),TRUE,FALSE,TRUE,TRUE,FALSE,BELLS,SPACE,0.711,0,Intermediate
J135219.0+321651.8,J135219.0+321651.8,0.46339992,1.033611,162.73784,24.598652,166.1518799,25.66259874,1.82,1,1.4602027,1.51469,8.82E-06,4.85E-06,7.08E-06,7.34E-06,LaStBeRu_cosmo_ground,TRUE,FALSE,TRUE,TRUE,TRUE,BELLS,SPACE,0.859,0,Intermediate
J152209.5+291021.9,J1522+2910,0.555,1.311,166,27,172.8900898,28.81030404,0.74,1,1.08,1.8,3.59E-06,4.85E-06,5.24E-06,8.73E-06,Cao et al. (2015),TRUE,FALSE,FALSE,FALSE,FALSE,BELLS,SPACE,0.741,0,Intermediate
J154118.6+181235.1,J154118.6+181235.1,0.56025475,1.1133329,187.36063,27.228373,197.7442117,29.82400031,0.64,1,0.88328135,1.20801,3.10E-06,4.85E-06,4.28E-06,5.86E-06,LaStBeRu_cosmo_ground,TRUE,FALSE,FALSE,FALSE,TRUE,BELLS,SPACE,0.927,0,Intermediate
J154246.3+162951.8,J154246.3+162951.8,0.3521089,1.0233349,217.50462,17.487644,218.9075591,18.79891646,1.04,1,1.8143574,1.12608,5.04E-06,4.85E-06,8.80E-06,5.46E-06,LaStBeRu_cosmo_ground,TRUE,TRUE,TRUE,TRUE,TRUE,BELLS,SPACE,0.806,0,Intermediate
J154503.6+274805.3,J154503.6+274805.3,0.5217547,1.2885885,237.12605,36.181877,239.3850921,37.24316302,1.21,1,1.7323617,1.79422,5.87E-06,4.85E-06,8.40E-06,8.70E-06,LaStBeRu_cosmo_ground,TRUE,TRUE,TRUE,TRUE,TRUE,BELLS,SPACE,0.418,0,Intermediate
J160113.3+213833.9,J160113.3+213833.9,0.5433355,1.446,278.37537,32.26567,290.3462651,35.29544056,0.86,1,1.0567638,1.92022,4.17E-06,4.85E-06,5.12E-06,9.31E-06,LaStBeRu_cosmo_ground,TRUE,TRUE,TRUE,TRUE,TRUE,BELLS,SPACE,0.906,0,Intermediate
J161109.8+170526.6,J161109.8+170526.6,0.47659066,1.2108935,99.58145,22.422073,103.5640655,23.61235454,0.58,1,1.104053,1.66012,2.81E-06,4.85E-06,5.35E-06,8.05E-06,LaStBeRu_cosmo_ground,TRUE,FALSE,FALSE,FALSE,TRUE,BELLS,SPACE,0.74,0,Intermediate
J163150.3+185404.1,J163150.3+185404.1,0.40798908,1.0862565,293.67838,16.714798,295.5203734,19.03556559,1.63,1,1.8192266,1.76291,7.90E-06,4.85E-06,8.82E-06,8.55E-06,LaStBeRu_cosmo_ground,TRUE,TRUE,TRUE,TRUE,TRUE,BELLS,SPACE,0.878,0,Intermediate
J163714.6+143930.1,J163714.6+143930.1,0.39080998,0.87442356,214.86504,35.286488,224.0047145,37.68615528,0.65,1,1.0639418,1.88653,3.15E-06,4.85E-06,5.16E-06,9.15E-06,LaStBeRu_cosmo_ground,TRUE,TRUE,FALSE,FALSE,TRUE,BELLS,SPACE,0.75,0,Intermediate
J212252.0+040935.5,J212252.0+040935.5,0.6261068,1.4517026,308.13083,48.913425,314.6450019,50.9380663,1.58,1,1.4566933,1.83167,7.66E-06,4.85E-06,7.06E-06,8.88E-06,LaStBeRu_cosmo_ground,TRUE,FALSE,TRUE,TRUE,TRUE,BELLS,SPACE,0.634,0,Intermediate
J212510.7+041131.6,SDSSJ2125+0411,0.363,0.978,247,17,260.3663934,20.71732669,1.2,1,0.9,1.8,5.82E-06,4.85E-06,4.36E-06,8.73E-06,Chen et al. (2019),TRUE,TRUE,TRUE,TRUE,FALSE,BELLS,SPACE,0.821,0,Intermediate
J002927.4+254401.8,J002927.4+254401.8,0.58688116,2.45,212.64645,51.071056,217.6322979,52.73503366,1.34,1,1.4077541,1.65257,6.50E-06,4.85E-06,6.82E-06,8.01E-06,LaStBeRu_cosmo_ground,FALSE,FALSE,TRUE,FALSE,TRUE,BELLS GALLERY,SPACE,0.717,0,Intermediate
J020121.4+322829.7,J020121.4+322829.7,0.39570424,2.82,258.23184,20.32002,260.8499125,22.00653087,1.7,1,1.7165349,1.61557,8.24E-06,4.85E-06,8.32E-06,7.83E-06,LaStBeRu_cosmo_ground,FALSE,FALSE,TRUE,FALSE,TRUE,BELLS GALLERY,SPACE,0.675,0,Intermediate
J023740.6-064113.0,SDSSJ0237−0641,0.4859,2.2491,290,89,302.5989968,93.53082016,0.65,1,1.05,1.8,3.15E-06,4.85E-06,5.09E-06,8.73E-06,Chen et al. (2019),FALSE,FALSE,TRUE,TRUE,FALSE,BELLS GALLERY,SPACE,0.86,0,Intermediate
J074249.7+334149.0,J074249.7+334149.0,0.49366963,2.36,249.23672,30.756437,257.1723929,32.90780163,1.22,1,1.2438922,1.48113,5.91E-06,4.85E-06,6.03E-06,7.18E-06,LaStBeRu_cosmo_ground,FALSE,FALSE,TRUE,FALSE,TRUE,BELLS GALLERY,SPACE,0.741,0,Intermediate
J075523.5+344539.6,J075523.5+344539.6,0.7223376,2.6335,220.66866,47.953865,237.5199816,52.83321883,2.05,1,0.655836,1.28524,9.94E-06,4.85E-06,3.18E-06,6.23E-06,LaStBeRu_cosmo_ground,FALSE,FALSE,TRUE,FALSE,TRUE,BELLS GALLERY,SPACE,0.494,0,Intermediate
J085621.6+201040.5,J085621.6+201040.5,0.50736374,2.2335,233.7753,36.32847,240.1924028,38.15372109,0.98,1,1.3269007,2.52453,4.75E-06,4.85E-06,6.43E-06,1.22E-05,LaStBeRu_cosmo_ground,FALSE,FALSE,TRUE,TRUE,TRUE,BELLS GALLERY,SPACE,0.602,0,Intermediate
J091859.2+510452.6,J091859.2+510452.6,0.5811148,2.4,294.4123,57.78207,299.6629726,59.55462003,1.6,1,1.5300647,1.62424,7.76E-06,4.85E-06,7.42E-06,7.87E-06,LaStBeRu_cosmo_ground,FALSE,FALSE,TRUE,FALSE,TRUE,BELLS GALLERY,SPACE,0.985,0,Intermediate
J111027.1+280838.5,J111027.1+280838.5,0.60737944,2.4,193.52126,42.244453,204.9147406,45.53085929,0.98,1,0.8406165,1.79655,4.75E-06,4.85E-06,4.08E-06,8.71E-06,LaStBeRu_cosmo_ground,FALSE,FALSE,TRUE,FALSE,TRUE,BELLS GALLERY,SPACE,0.917,0,Intermediate
J111040.4+364924.4,J111040.4+364924.4,0.73302466,2.5,353.54083,116.15264,367.9823789,121.6235357,1.16,1,1.090395,1.63595,5.62E-06,4.85E-06,5.29E-06,7.93E-06,LaStBeRu_cosmo_ground,FALSE,FALSE,FALSE,FALSE,TRUE,BELLS GALLERY,SPACE,0.791,0,Intermediate
J111634.6+091503.1,J111634.6+091503.1,0.5500075,2.45,256.13687,37.90501,263.5226286,39.96716259,1.03,1,1.3000863,1.6478,4.99E-06,4.85E-06,6.30E-06,7.99E-06,LaStBeRu_cosmo_ground,FALSE,FALSE,TRUE,FALSE,TRUE,BELLS GALLERY,SPACE,0.85,0,Intermediate
J114154.7+221628.9,J114154.7+221628.9,0.5857836,2.76,267.8598,61.629696,278.0236976,64.71711018,1.27,1,1.1375362,1.16606,6.16E-06,4.85E-06,5.51E-06,5.65E-06,LaStBeRu_cosmo_ground,FALSE,FALSE,TRUE,FALSE,TRUE,BELLS GALLERY,SPACE,0.768,0,Intermediate
J120159.0+474323.2,J120159.0+474323.2,0.56280816,2.13,226.78882,47.191685,232.5168468,48.96979366,1.18,1,1.3705564,2.1491,5.72E-06,4.85E-06,6.64E-06,1.04E-05,LaStBeRu_cosmo_ground,FALSE,FALSE,TRUE,TRUE,TRUE,BELLS GALLERY,SPACE,0.81,0,Intermediate
J122656.5+545739.1,J122656.5+545739.1,0.49800843,2.73,237.51389,28.510128,242.5499469,30.11783564,1.37,1,1.4553478,1.38437,6.64E-06,4.85E-06,7.06E-06,6.71E-06,LaStBeRu_cosmo_ground,FALSE,FALSE,TRUE,FALSE,TRUE,BELLS GALLERY,SPACE,0.923,0,Intermediate
J222825.8+120504.0,J222825.8+120504.0,0.53049135,2.83,241.71933,61.69839,247.5864547,63.7001808,1.28,1,1.390655,1.36624,6.21E-06,4.85E-06,6.74E-06,6.62E-06,LaStBeRu_cosmo_ground,FALSE,FALSE,TRUE,FALSE,TRUE,BELLS GALLERY,SPACE,0.792,0,Intermediate
J234248.7-012032.6,J234248.7-012032.6,0.5270637,2.265,286.28403,41.229446,291.7182427,43.00145645,1.11,1,1.5041656,1.3782,5.38E-06,4.85E-06,7.29E-06,6.68E-06,LaStBeRu_cosmo_ground,FALSE,FALSE,TRUE,TRUE,TRUE,BELLS GALLERY,SPACE,0.827,0,Intermediate
J004941.9-275226.0,0047−281,0.485,3.595,219,12,219,13.68082234,1.34,0.41,0.82,0.7,6.50E-06,1.99E-06,3.98E-06,3.39E-06,Chen et al. (2019),TRUE,TRUE,TRUE,FALSE,FALSE,LSD,SPACE,0.8,0.1,Intermediate
J030230.7+000604.6,CFRS03.1077,0.938,2.941,256,19,246.8186901,20.26607359,1.24,0.46,1.6,1.6,6.01E-06,2.23E-06,7.76E-06,7.76E-06,Chen et al. (2019),TRUE,TRUE,TRUE,FALSE,FALSE,LSD,SPACE,0.83,0,Intermediate
J141736.1+522642.9,HST14176+5226,0.81,3.399,212,18,207.0308033,18.80406795,1.41,0.37,1.06,0.75,6.84E-06,1.79E-06,5.14E-06,3.64E-06,Chen et al. (2019),TRUE,TRUE,TRUE,FALSE,FALSE,LSD,SPACE,0.65,0.06,Intermediate
J154320.4+535152.0,HSTT15433+5352,0.497,2.092,108,14,111.8810392,15.01685729,0.36,0.35,0.41,0.6,1.75E-06,1.70E-06,1.99E-06,2.91E-06,Chen et al. (2019),TRUE,FALSE,TRUE,FALSE,FALSE,LSD,SPACE,0.95,0,Intermediate
J201918.1+112710.8,MG2016+112,1.004,3.263,304,27,334.167318,35.08948153,1.56,0.65,0.31,0.8,7.56E-06,3.15E-06,1.50E-06,3.88E-06,Chen et al. (2019),TRUE,FALSE,TRUE,FALSE,FALSE,LSD,SPACE,0.76,0.01,Intermediate
J002240.9+143110.1,J002240.9+143110.1,0.38050562,2.73,396.9931,55.420086,401.2937684,57.34020127,3.32,1.5,2.548123,1.54,1.41E-05,7.27E-06,1.24E-05,7.47E-06,LaStBeRu_cosmo_ground,FALSE,FALSE,FALSE,FALSE,TRUE,MLD,GROUND,0.53,0.06,major
J073736.4+321540.3,J073736.4+321540.3,0.3589947,0.48,262.02603,20.816559,270.2956346,23.33454927,0.65,1,1.2490115,1.6524,3.15E-06,4.85E-06,6.06E-06,8.01E-06,LaStBeRu_cosmo_ground,FALSE,FALSE,FALSE,FALSE,TRUE,MLD,SPACE,1,0,SIS
J080731.5+441048.3,J080731.5+441048.3,0.4487698,2.536,222.3139,52.74327,232.1788725,55.75065692,2.1,1.5,1.5539,1.69667,1.02E-05,7.27E-06,7.53E-06,8.23E-06,LaStBeRu_cosmo_ground,FALSE,FALSE,FALSE,FALSE,TRUE,MLD,GROUND,0,0,Intermediate    
J081959.8+535624.2,J081959.8+535624.2,0.2936637,2.239,281.45294,13.732641,284.1593004,16.33248804,2.057,1,1.7300514,1.70364,9.97E-06,4.85E-06,8.39E-06,8.26E-06,LaStBeRu_cosmo_ground,FALSE,FALSE,FALSE,FALSE,TRUE,MLD,GROUND,0.78,0.01,major
J084647.5+044605.0,J084647.5+044605.0,0.24144608,1.405,242.57613,21.73554,240.2557332,22.73152816,3.4,1.5,3.47031,1.58333,1.65E-05,7.27E-06,1.68E-05,7.68E-06,LaStBeRu_cosmo_ground,FALSE,FALSE,FALSE,FALSE,TRUE,MLD,GROUND,0,0,Intermediate
J090311.6+003906.5,J090311.6+003906.5,0.29969585,3.042,243.1775,16.491121,245.9766258,18.2945142,1.56,1,1.6815901,1.24409,7.56E-06,4.85E-06,8.15E-06,6.03E-06,LaStBeRu_cosmo_ground,FALSE,FALSE,FALSE,FALSE,TRUE,MLD,SPACE,0.79,0.04,power law
J114331.5-014508.0,J114331.5-014508.0,0.10360716,0.91,237.56577,9.444337,245.925454,12.96529203,1.45,1.5,1.7764431,1.63,7.03E-06,7.27E-06,8.61E-06,7.90E-06,LaStBeRu_cosmo_ground,FALSE,FALSE,FALSE,FALSE,TRUE,MLD,SPACE,1,0,SIS
J120602.1+514229.4,J120602.1+514229.4,0.4223719,2,361.37347,51.795128,366.9086597,53.80041454,3.82,1.5,2.3828437,2.36667,1.85E-05,7.27E-06,1.16E-05,1.15E-05,LaStBeRu_cosmo_ground,FALSE,FALSE,FALSE,FALSE,TRUE,MLD,GROUND,0.751,0.018,major
J141820.8+523611.3,J141820.8+523611.3,0.5800293,0.9818,170.91373,24.692945,172.6610778,25.4926361,0.67,1,1.7143451,2.37686,3.25E-06,4.85E-06,8.31E-06,1.15E-05,LaStBeRu_cosmo_ground,FALSE,FALSE,FALSE,FALSE,TRUE,MLD,SPACE,0,0,Intermediate
J143607.5+494313.2,J143607.5+494313.2,0.12535109,1.231,282.42966,10.31132,275.6605294,13.44833909,2.03,1.5,4.3326473,2.00667,9.84E-06,7.27E-06,2.10E-05,9.73E-06,LaStBeRu_cosmo_ground,FALSE,FALSE,FALSE,FALSE,TRUE,MLD,GROUND,0,0,power law
J014356.6-100633.7,J014356.6-100633.7,0.22096924,1.1046,207.81186,18.66151,211.5788231,20.12194119,1.23,1.5,2.2851312,2.05333,5.96E-06,7.27E-06,1.11E-05,9.95E-06,LaStBeRu_cosmo_ground,FALSE,FALSE,TRUE,TRUE,TRUE,S4TM,SPACE,0.64,0,Intermediate
J015930.1-000612.4,J015930.1-000612.4,0.15844078,0.7477,212.7711,18.071886,207.2548785,18.86655723,0.92,1.5,4.4665055,1.85,4.46E-06,7.27E-06,2.17E-05,8.97E-06,LaStBeRu_cosmo_ground,FALSE,FALSE,TRUE,TRUE,TRUE,S4TM,SPACE,0.75,0,Intermediate
J032415.5+004505.5,J032415.5+004505.5,0.32102302,0.9199,181.54752,20.534771,193.6901572,23.5169509,0.55,1.5,1.1248707,1.757,2.67E-06,7.27E-06,5.45E-06,8.52E-06,LaStBeRu_cosmo_ground,FALSE,FALSE,TRUE,TRUE,TRUE,S4TM,SPACE,0.82,0,Intermediate
J032454.5-011029.1,SDSSJ0324−0110,0.4456,0.6239,310,38,316.1284454,40.01469711,0.63,1.5,2.23,1.4,3.05E-06,7.27E-06,1.08E-05,6.79E-06,Chen et al. (2019),FALSE,FALSE,TRUE,TRUE,FALSE,S4TM,SPACE,0.82,0,Intermediate
J075346.2+341633.6,SDSSJ0753+3416,0.1371,0.9628,208,12,214.4405235,14.32244157,1.23,1.5,1.89,1.4,5.96E-06,7.27E-06,9.16E-06,6.79E-06,Chen et al. (2019),FALSE,FALSE,TRUE,TRUE,FALSE,S4TM,SPACE,0.87,0,Intermediate
J075428.5+192728.1,J075428.5+192728.1,0.1534314,0.7401,192.15538,16.514164,200.4162047,18.72461436,1.04,1.5,1.5854306,1.90667,5.04E-06,7.27E-06,7.69E-06,9.24E-06,LaStBeRu_cosmo_ground,FALSE,FALSE,TRUE,TRUE,TRUE,S4TM,SPACE,0.73,0,Intermediate
J075749.0+195616.3,J075749.0+195616.3,0.12057459,0.8326,206.20572,11.711088,205.3255622,13.19533428,1.62,1.5,3.20087,1.0875,7.85E-06,7.27E-06,1.55E-05,5.27E-06,LaStBeRu_cosmo_ground,FALSE,FALSE,TRUE,TRUE,TRUE,S4TM,SPACE,0.85,0,Intermediate
J082639.9+563036.0,J082639.9+563036.0,0.13181522,1.2907,163.91096,8.626058,177.2636003,12.78614878,1.01,1.5,0.91578686,1.79667,4.90E-06,7.27E-06,4.44E-06,8.71E-06,LaStBeRu_cosmo_ground,FALSE,FALSE,TRUE,TRUE,TRUE,S4TM,SPACE,0.96,0,Intermediate
J084727.7+234819.5,J084727.7+234819.5,0.15508929,0.5327,200.70135,15.771011,207.4471116,17.78240752,0.96,1.5,1.8179815,1.12,4.65E-06,7.27E-06,8.81E-06,5.43E-06,LaStBeRu_cosmo_ground,FALSE,FALSE,TRUE,TRUE,TRUE,S4TM,SPACE,0.94,0,Intermediate
J085141.9+050507.0,J085141.9+050507.0,0.12759489,0.6371,176.28224,11.85112,186.1266682,14.60573376,0.91,1.5,1.3168759,1.33667,4.41E-06,7.27E-06,6.38E-06,6.48E-06,LaStBeRu_cosmo_ground,FALSE,FALSE,TRUE,TRUE,TRUE,S4TM,SPACE,0.87,0,Intermediate
J092048.3+302818.3,J092048.3+302818.3,0.28813732,0.3918,302.64917,17.171574,304.6877483,19.58176963,0.7,1.5,2.7098606,1.36333,3.39E-06,7.27E-06,1.31E-05,6.61E-06,LaStBeRu_cosmo_ground,FALSE,FALSE,TRUE,TRUE,TRUE,S4TM,SPACE,0.88,0,Intermediate
J095557.5+301450.9,J095557.5+301450.9,0.32144183,0.4671,259.66708,28.626251,261.8659572,29.93885302,0.54,1.5,2.6401837,1.21667,2.62E-06,7.27E-06,1.28E-05,5.90E-06,LaStBeRu_cosmo_ground,FALSE,FALSE,TRUE,TRUE,TRUE,S4TM,SPACE,0.82,0,Intermediate
J095654.8+553947.3,J095654.8+553947.3,0.19591375,0.8483,188.92395,11.555434,193.1808547,13.33538191,1.17,1.5,2.1404202,2.1125,5.67E-06,7.27E-06,1.04E-05,1.02E-05,LaStBeRu_cosmo_ground,FALSE,FALSE,TRUE,TRUE,TRUE,S4TM,SPACE,0.96,0,Intermediate
J101026.8+312417.6,J101026.8+312417.6,0.16677487,0.4245,220.76707,12.101607,220.90431,13.80415094,1.14,1.5,2.9718845,1.225,5.53E-06,7.27E-06,1.44E-05,5.94E-06,LaStBeRu_cosmo_ground,FALSE,FALSE,TRUE,TRUE,TRUE,S4TM,SPACE,0.65,0,Intermediate
J103121.0+302658.0,J103121.0+302658.0,0.16710034,0.7469,196.17195,13.312088,204.5008602,15.75734425,0.88,1.5,1.5977606,1.18667,4.27E-06,7.27E-06,7.75E-06,5.75E-06,LaStBeRu_cosmo_ground,FALSE,FALSE,FALSE,FALSE,TRUE,S4TM,SPACE,0.7,0,Intermediate
J104058.5+362628.6,J104058.5+362628.6,0.122494854,0.2846,183.11433,10.867581,191.0743633,13.34093906,0.59,1.5,1.5744175,1.22,2.86E-06,7.27E-06,7.63E-06,5.91E-06,LaStBeRu_cosmo_ground,FALSE,FALSE,FALSE,FALSE,TRUE,S4TM,SPACE,0.88,0,Intermediate
J104122.9+011224.2,J104122.9+011224.2,0.10064489,0.2172,198.09712,7.579279,202.2216012,10.05026898,0.6,1.5,2.195455,1.66167,2.91E-06,7.27E-06,1.06E-05,8.06E-06,LaStBeRu_cosmo_ground,FALSE,FALSE,TRUE,TRUE,TRUE,S4TM,SPACE,0.87,0,Intermediate
J104809.4+131352.9,SDSSJ1048+1313,0.133,0.6679,195,10,200.9679843,12.31827999,1.18,1.5,1.9,1.4,5.72E-06,7.27E-06,9.21E-06,6.79E-06,Chen et al. (2019),FALSE,FALSE,TRUE,TRUE,FALSE,S4TM,SPACE,0.64,0,Intermediate
J105109.4+443908.5,J105109.4+443908.5,0.16338341,0.538,216.0523,16.156672,224.4601422,18.58636515,0.99,1.5,1.6823021,1.21,4.80E-06,7.27E-06,8.16E-06,5.87E-06,LaStBeRu_cosmo_ground,FALSE,FALSE,TRUE,TRUE,TRUE,S4TM,SPACE,0.76,0,Intermediate
J105657.6+414114.6,J105657.6+414114.6,0.13434963,0.8318,157.16553,10.339163,163.5773427,12.27093624,0.72,1.5,1.6368254,1.37,3.49E-06,7.27E-06,7.94E-06,6.64E-06,LaStBeRu_cosmo_ground,FALSE,FALSE,TRUE,TRUE,TRUE,S4TM,SPACE,0.79,0,Intermediate
J110113.1+152339.6,J110113.1+152339.6,0.17804211,0.5169,274.53372,15.024964,288.9326824,19.48651395,1.18,1.5,1.3827474,1.39667,5.72E-06,7.27E-06,6.70E-06,6.77E-06,LaStBeRu_cosmo_ground,FALSE,FALSE,TRUE,TRUE,TRUE,S4TM,SPACE,0.81,0,Intermediate
J111641.7+072945.6,J111641.7+072945.6,0.16965349,0.686,190.34645,11.826409,192.6362483,13.34067513,0.82,1.5,2.5028565,1.24667,3.98E-06,7.27E-06,1.21E-05,6.04E-06,LaStBeRu_cosmo_ground,FALSE,FALSE,TRUE,TRUE,TRUE,S4TM,SPACE,0.85,0,Intermediate
J112738.7+231244.4,J112738.7+231244.4,0.13029806,0.361,231.89946,9.68169,235.0877076,12.19204623,1.25,1.5,2.4393268,1.81,6.06E-06,7.27E-06,1.18E-05,8.78E-06,LaStBeRu_cosmo_ground,FALSE,FALSE,TRUE,TRUE,TRUE,S4TM,SPACE,0.9,0,Intermediate
J113728.6+181812.4,J113728.6+181812.4,0.12406989,0.4627,222.27019,9.001986,230.1564364,12.27441114,1.29,1.5,1.7688804,1.11,6.25E-06,7.27E-06,8.58E-06,5.38E-06,LaStBeRu_cosmo_ground,FALSE,FALSE,TRUE,TRUE,TRUE,S4TM,SPACE,0.89,0,Intermediate
J114238.2+250905.5,J114238.2+250905.5,0.16404493,0.6595,158.9359,10.122629,167.2991081,12.53503114,0.79,1.5,1.3793436,1.14,3.83E-06,7.27E-06,6.69E-06,5.53E-06,LaStBeRu_cosmo_ground,FALSE,FALSE,TRUE,TRUE,TRUE,S4TM,SPACE,0.8,0,Intermediate
J114440.1+043650.5,J114440.1+043650.5,0.10364194,0.2551,200.99937,14.879054,209.6245097,17.3128712,0.76,1.5,1.5872526,1.43667,3.68E-06,7.27E-06,7.70E-06,6.97E-06,LaStBeRu_cosmo_ground,FALSE,FALSE,TRUE,TRUE,TRUE,S4TM,SPACE,0.79,0,Intermediate
J121303.7+293022.4,J121303.7+293022.4,0.090619445,0.5954,233.54082,7.800123,241.9121222,11.6660614,1.35,1.5,1.7594681,1.33667,6.54E-06,7.27E-06,8.53E-06,6.48E-06,LaStBeRu_cosmo_ground,FALSE,FALSE,TRUE,TRUE,TRUE,S4TM,SPACE,0.75,0,Intermediate
J130126.9+083425.2,J130126.9+083425.2,0.09015198,0.5331,180.40024,8.223233,188.2264366,11.02163758,1,1.5,1.576428,1.51333,4.85E-06,7.27E-06,7.64E-06,7.34E-06,LaStBeRu_cosmo_ground,FALSE,FALSE,TRUE,TRUE,TRUE,S4TM,SPACE,0.78,0,Intermediate
J133031.4+175040.5,J133031.4+175040.5,0.20739521,0.3717,249.50156,12.347943,254.6872024,14.97052854,1.01,1.5,2.1966445,1.29333,4.90E-06,7.27E-06,1.06E-05,6.27E-06,LaStBeRu_cosmo_ground,FALSE,FALSE,TRUE,TRUE,TRUE,S4TM,SPACE,0.78,0,Intermediate
J140309.7+330917.8,J140309.7+330917.8,0.06246097,0.772,190.78131,6.549516,197.3931419,9.607046913,1.02,1.5,1.7903416,1.06333,4.95E-06,7.27E-06,8.68E-06,5.16E-06,LaStBeRu_cosmo_ground,FALSE,FALSE,TRUE,TRUE,TRUE,S4TM,SPACE,0.85,0,Intermediate
J143034.8+610404.8,J143034.8+610404.8,0.1688374,0.6537,182.46283,15.305924,185.3844689,16.58109078,1,1.5,2.3582609,1.796,4.85E-06,7.27E-06,1.14E-05,8.71E-06,LaStBeRu_cosmo_ground,FALSE,FALSE,TRUE,TRUE,TRUE,S4TM,SPACE,0.75,0,Intermediate
J143351.6+283516.4,J143351.6+283516.4,0.09117804,0.4115,231.21548,6.628954,229.9210845,9.562753588,1.53,1.5,3.2663467,1.11,7.42E-06,7.27E-06,1.58E-05,5.38E-06,LaStBeRu_cosmo_ground,FALSE,FALSE,TRUE,TRUE,TRUE,S4TM,SPACE,0.91,0,Intermediate
J154122.3+364231.7,J154122.3+364231.7,0.14059201,0.7389,193.72354,11.514442,200.9347811,13.87288459,1.17,1.5,1.7243502,1.74333,5.67E-06,7.27E-06,8.36E-06,8.45E-06,LaStBeRu_cosmo_ground,FALSE,FALSE,TRUE,TRUE,TRUE,S4TM,SPACE,0.91,0,Intermediate
J154339.9+220223.3,J154339.9+220223.3,0.26807207,0.3966,286.69418,16.897429,298.4460209,20.62790424,0.78,1.5,1.6322025,1.22,3.78E-06,7.27E-06,7.91E-06,5.91E-06,LaStBeRu_cosmo_ground,FALSE,FALSE,TRUE,TRUE,TRUE,S4TM,SPACE,0.72,0,Intermediate
J155010.6+202013.5,J155010.6+202013.5,0.13507588,0.3501,244.51866,9.749937,253.3628023,13.4199701,1.01,1.5,1.7511387,1.51667,4.90E-06,7.27E-06,8.49E-06,7.35E-06,LaStBeRu_cosmo_ground,FALSE,FALSE,TRUE,TRUE,TRUE,S4TM,SPACE,0.71,0,Intermediate
J155316.1+300425.7,J155316.1+300425.7,0.16035648,0.5663,196.355,15.456953,204.5024782,17.72220484,0.84,1.5,1.6203053,1.03667,4.07E-06,7.27E-06,7.86E-06,5.03E-06,LaStBeRu_cosmo_ground,FALSE,FALSE,TRUE,TRUE,TRUE,S4TM,SPACE,0.83,0,Intermediate
J160740.5+214711.0,SDSSJ1607+2147,0.2089,0.4865,197,16,198.7188886,17.22707801,0.57,1.5,2.63,1.4,2.76E-06,7.27E-06,1.28E-05,6.79E-06,Chen et al. (2019),FALSE,FALSE,TRUE,TRUE,FALSE,S4TM,SPACE,0.57,0,Intermediate
J163344.2+144154.9,J163344.2+144154.9,0.12810156,0.5804,234.43816,9.0584345,238.0528748,11.78661092,1.39,1.5,2.379236,1.1225,6.74E-06,7.27E-06,1.15E-05,5.44E-06,LaStBeRu_cosmo_ground,FALSE,FALSE,TRUE,TRUE,TRUE,S4TM,SPACE,0.93,0,Intermediate
J230946.4-003912.9,J230946.4-003912.9,0.2905114,1.0048,185.13374,13.977398,190.2972303,15.679926,1.14,1.5,1.9774601,1.69,5.53E-06,7.27E-06,9.59E-06,8.19E-06,LaStBeRu_cosmo_ground,FALSE,FALSE,TRUE,TRUE,TRUE,S4TM,SPACE,0.89,0,Intermediate
J232427.8+010558.5,J232427.8+010558.5,0.18993625,0.2775,245.06494,15.065539,256.9087434,18.59026812,0.59,1.5,1.4674051,1.72333,2.86E-06,7.27E-06,7.11E-06,8.35E-06,LaStBeRu_cosmo_ground,FALSE,FALSE,TRUE,TRUE,TRUE,S4TM,SPACE,0.98,0,Intermediate
J020524−93023,SL2SJ020524−93023,0.557,1.33,276,37,287.3340262,39.8933522,0.76,0.69,0.75,0.7,3.68E-06,3.35E-06,3.64E-06,3.39E-06,Chen et al. (2019),FALSE,FALSE,TRUE,FALSE,FALSE,SL2S,GROUND,0.41,0.17,Intermediate
J021247.0-055552.0,SL2SJ021247−055552,0.75,2.74,273,22,275.2294599,23.69317125,1.27,0.69,1.22,0.7,6.16E-06,3.35E-06,5.91E-06,3.39E-06,Chen et al. (2019),TRUE,TRUE,TRUE,FALSE,FALSE,SL2S,GROUND,0.77,0.02,Intermediate
J021324.8-074354.9,SL2SJ021325−074355,0.717,3.48,293,34,287.7761993,34.58874675,2.39,0.75,1.97,0.6,1.16E-05,3.64E-06,9.55E-06,2.91E-06,Chen et al. (2019),TRUE,TRUE,TRUE,FALSE,FALSE,SL2S,SPACE,0.54,0.01,Intermediate
J021411.1-040502.4,SL2SJ021411−040502,0.609,1.88,287,47,292.0985695,48.69893939,1.41,0.79,1.21,0.8,6.84E-06,3.83E-06,5.87E-06,3.88E-06,Chen et al. (2019),TRUE,TRUE,TRUE,FALSE,FALSE,SL2S,SPACE,0.59,0.02,Intermediate
J021737.1-051329.2,SL2SJ021737−051329,0.646,1.85,239,27,254.036762,30.68812715,1.27,0.92,0.73,0.6,6.16E-06,4.46E-06,3.54E-06,2.91E-06,Chen et al. (2019),TRUE,TRUE,TRUE,FALSE,FALSE,SL2S,SPACE,0.85,0.02,Intermediate
J021801.1-080247.3,SL2SJ021801−080247,0.884,2.06,246,48,250.9571164,49.60583809,1,0.69,1.02,0.6,4.85E-06,3.35E-06,4.95E-06,2.91E-06,Chen et al. (2019),FALSE,FALSE,TRUE,FALSE,FALSE,SL2S,GROUND,0.81,0.03,Intermediate
J021902.1-082934.4,SL2SJ021902−082934,0.389,2.15,289,23,297.8448587,25.72685303,1.3,0.75,0.95,0.7,6.30E-06,3.64E-06,4.61E-06,3.39E-06,Chen et al. (2019),TRUE,TRUE,TRUE,FALSE,FALSE,SL2S,SPACE,0.8,0.06,Intermediate
J022046.0-094927.4,SL2SJ022046−094927,0.572,2.61,254,29,273.214301,33.75599794,1,0.8,0.53,0.8,4.85E-06,3.88E-06,2.57E-06,3.88E-06,Chen et al. (2019),FALSE,FALSE,TRUE,FALSE,FALSE,SL2S,GROUND,0.96,0.02,Intermediate
J022346.1-053418.2,J0223-0534,0.499,1.44,288,28,296.1560179,30.41498482,1.22,1,1.31,0.6,5.91E-06,4.85E-06,6.35E-06,2.91E-06,Cao et al. (2015),TRUE,TRUE,FALSE,FALSE,FALSE,SL2S,GROUND,0.39,0.09,Intermediate
J022511.0-045433.4,J022511.0-045433.4,0.2378922,1.2,247.66295,13.287849,248.5164088,15.28244204,1.76,1,1.898424,1.32718,8.53E-06,4.85E-06,9.20E-06,6.43E-06,LaStBeRu_cosmo_ground,TRUE,TRUE,TRUE,FALSE,TRUE,SL2S,SPACE,0.58,0.02,Intermediate
J022610.3-042011.3,SL2SJ022610−042011,0.494,1.23,263,24,273.0175649,26.71778583,1.19,0.74,0.84,0.6,5.77E-06,3.59E-06,4.07E-06,2.91E-06,Chen et al. (2019),TRUE,TRUE,TRUE,FALSE,FALSE,SL2S,SPACE,0.79,0.03,Intermediate
J023251.3-040823.4,SL2SJ023251−040823,0.352,2.34,281,26,286.1360798,27.95244472,1.04,0.75,1.14,0.7,5.04E-06,3.64E-06,5.53E-06,3.39E-06,Chen et al. (2019),TRUE,TRUE,TRUE,FALSE,FALSE,SL2S,SPACE,0.94,0.03,Intermediate
J023307.1-043838.2,J023307.1-043838.2,0.6709407,1.869,385.55154,110.80694,388.7261465,112.3376309,1.77,1,1.7663255,1.48384,8.58E-06,4.85E-06,8.56E-06,7.19E-06,LaStBeRu_cosmo_ground,FALSE,FALSE,FALSE,FALSE,TRUE,SL2S,GROUND,0.77,0.04,Intermediate
J084847.1-035103.3,SL2SJ084847−035103,0.682,1.55,197,21,212.1222475,24.76551329,0.85,0.69,0.45,1,4.12E-06,3.35E-06,2.18E-06,4.85E-06,Chen et al. (2019),TRUE,FALSE,TRUE,FALSE,FALSE,SL2S,GROUND,0.77,0.18,Intermediate
J084909.3-041226.4,SL2SJ084909−041226,0.722,1.54,320,24,344.0645919,30.46354856,1.1,0.69,0.46,0.9,5.33E-06,3.35E-06,2.23E-06,4.36E-06,Chen et al. (2019),TRUE,FALSE,TRUE,FALSE,FALSE,SL2S,SPACE,0.73,0.03,Intermediate
J084959.0-025142.0,SL2SJ084959−025142,0.274,2.09,276,35,276.5363238,36.03696194,1.16,0.69,1.34,0.8,5.62E-06,3.35E-06,6.50E-06,3.88E-06,Chen et al. (2019),TRUE,TRUE,TRUE,FALSE,FALSE,SL2S,SPACE,0.73,0.03,Intermediate
J085019.0-034710.4,J0850-0347,0.337,3.25,290,24,322.5002222,33.15612149,0.93,0.7,0.28,0.6,4.51E-06,3.39E-06,1.36E-06,2.91E-06,Cao et al. (2015),TRUE,TRUE,FALSE,FALSE,FALSE,SL2S,GROUND,0.44,0.05,Intermediate
J085540.1-014730.2,SL2SJ085540−014730,0.365,3.39,222,25,230.756937,27.260377,1.03,0.62,0.69,0.6,4.99E-06,3.01E-06,3.35E-06,2.91E-06,Chen et al. (2019),TRUE,TRUE,TRUE,FALSE,FALSE,SL2S,GROUND,0.96,0.03,Intermediate
J085559.0-040917.0,J0855-0409,0.419,2.95,281,22,285.0017935,23.98015129,1.36,0.7,1.13,0.6,6.59E-06,3.39E-06,5.48E-06,2.91E-06,Cao et al. (2015),TRUE,TRUE,FALSE,FALSE,FALSE,SL2S,GROUND,0.96,0.03,Intermediate
J090407.0-005952.0,SL2SJ090407−005952,0.611,2.36,183,21,178.5727265,21.29321259,1.4,0.69,2,0.7,6.79E-06,3.35E-06,9.70E-06,3.39E-06,Chen et al. (2019),TRUE,FALSE,TRUE,FALSE,FALSE,SL2S,SPACE,0.64,0.01,Intermediate
J095921.0+020638.0,SL2SJ095921+020638,0.552,3.35,188,22,202.1379477,25.49531454,0.74,0.69,0.46,0.7,3.59E-06,3.35E-06,2.23E-06,3.39E-06,Chen et al. (2019),TRUE,FALSE,TRUE,FALSE,FALSE,SL2S,SPACE,0.95,0.01,Intermediate
J135949.3+553550.2,SL2SJ135949+553550,0.783,2.77,228,29,232.0966879,30.4014234,1.14,0.74,1.13,0.7,5.53E-06,3.59E-06,5.48E-06,3.39E-06,Chen et al. (2019),TRUE,TRUE,TRUE,FALSE,FALSE,SL2S,SPACE,0.6,0.01,Intermediate
J140454.2+520024.4,SL2SJ140454+520024,0.456,1.59,342,20,334.9412531,22.28956539,2.55,0.74,2.03,0.9,1.24E-05,3.59E-06,9.84E-06,4.36E-06,Chen et al. (2019),TRUE,FALSE,TRUE,FALSE,FALSE,SL2S,GROUND,0.55,0.03,Intermediate
J140546.1+524311.1,SL2SJ140546+524311,0.526,3.01,284,21,295.0505708,24.20844652,1.51,0.74,0.83,0.8,7.32E-06,3.59E-06,4.02E-06,3.88E-06,Chen et al. (2019),TRUE,TRUE,TRUE,FALSE,FALSE,SL2S,SPACE,0.55,0.02,Intermediate
J140650.2+522619.1,SL2SJ140650+522619,0.716,1.47,253,19,263.4837618,21.96887033,0.94,0.74,0.8,0.9,4.56E-06,3.59E-06,3.88E-06,4.36E-06,Chen et al. (2019),TRUE,TRUE,TRUE,FALSE,FALSE,SL2S,SPACE,0.64,0.03,Intermediate
J141137.0+565119.0,SL2SJ141137+565119,0.322,1.42,214,23,221.9777257,25.10030836,0.93,0.74,0.85,1.3,4.51E-06,3.59E-06,4.12E-06,6.30E-06,Chen et al. (2019),TRUE,TRUE,TRUE,FALSE,FALSE,SL2S,SPACE,0.85,0.01,Intermediate
J142031.4+525822.0,J1420+5258,0.38,0.99,246,23,255.7477197,25.59907416,0.96,1,1.11,0.8,4.65E-06,4.85E-06,5.38E-06,3.88E-06,Cao et al. (2015),TRUE,TRUE,FALSE,FALSE,FALSE,SL2S,SPACE,0.35,0.03,Intermediate
J142059.4+563007.2,SL2SJ142059+563007,0.483,3.12,228,19,226.6439493,20.08497757,1.4,0.74,1.62,0.9,6.79E-06,3.59E-06,7.85E-06,4.36E-06,Chen et al. (2019),TRUE,TRUE,TRUE,FALSE,FALSE,SL2S,SPACE,0.35,0.03,Intermediate
J220329.0+020518.6,SL2SJ220329+020518,0.4,2.15,213,21,218.728288,22.72708092,1.95,0.74,0.99,0.9,9.45E-06,3.59E-06,4.80E-06,4.36E-06,Chen et al. (2019),TRUE,TRUE,TRUE,FALSE,FALSE,SL2S,SPACE,0.45,0.01,Intermediate
J220506.0+014703.0,SL2SJ220506+014703,0.476,2.53,317,30,332.8138432,34.0198218,1.66,0.69,0.66,0.8,8.05E-06,3.35E-06,3.20E-06,3.88E-06,Chen et al. (2019),TRUE,FALSE,TRUE,FALSE,FALSE,SL2S,GROUND,0.74,0.04,Intermediate
J221326.1-000946.2,J2213-0009,0.338,3.45,165,20,188.3136996,26.60439411,1.07,1,0.27,1,5.19E-06,4.85E-06,1.31E-06,4.85E-06,Cao et al. (2015),TRUE,FALSE,FALSE,FALSE,FALSE,SL2S,SPACE,0.2,0.01,Intermediate
J221929.2-001743.2,J2219-0017,0.289,1.02,189,20,193.1172391,21.34273174,0.52,0.7,1.01,0.6,2.52E-06,3.39E-06,4.90E-06,2.91E-06,Cao et al. (2015),TRUE,FALSE,FALSE,FALSE,FALSE,SL2S,GROUND,0.83,0.3,Intermediate
J222012.0+010606.0,J2220+0106,0.232,1.07,127,15,134.9173373,16.93969779,2.16,1,0.8,1.2,1.05E-05,4.85E-06,3.88E-06,5.82E-06,Cao et al. (2015),TRUE,FALSE,FALSE,FALSE,FALSE,SL2S,GROUND,0.69,0.03,Intermediate
J222148.0+011542.0,SL2SJ222148+011542,0.325,2.35,222,23,227.0993822,24.63023061,1.4,0.79,1.12,0.7,6.79E-06,3.83E-06,5.43E-06,3.39E-06,Chen et al. (2019),TRUE,TRUE,TRUE,FALSE,FALSE,SL2S,GROUND,0.88,0.03,Intermediate
J222217.3+001202.4,J2222+0012,0.436,1.36,221,22,224.6539349,23.42972992,1.44,1,1.56,0.9,6.98E-06,4.85E-06,7.56E-06,4.36E-06,Cao et al. (2015),TRUE,TRUE,FALSE,FALSE,FALSE,SL2S,GROUND,0.82,0.3,Intermediate
J000803.0-000408.2,SDSSJ0008−0004,0.44,1.192,193,36,200.2947512,38.02277093,1.16,1.5,1.71,1.4,5.62E-06,7.27E-06,8.29E-06,6.79E-06,Chen et al. (2019),TRUE,FALSE,TRUE,TRUE,FALSE,SLACS,SPACE,0.7,0.05,Intermediate
J002907.8-005550.5,J002907.8-005550.5,0.22704253,0.931,201.65935,18.19063,205.3691692,19.61245741,0.96,1.5,2.2759802,1.84,4.65E-06,7.27E-06,1.10E-05,8.92E-06,LaStBeRu_cosmo_ground,TRUE,TRUE,TRUE,TRUE,TRUE,SLACS,SPACE,0.89,0.05,Intermediate
J003753.1-094218.3,SDSSJ0037−0942,0.195,0.632,279,10,284.8556871,13.63898935,1.53,1.5,2.19,1.4,7.42E-06,7.27E-06,1.06E-05,6.79E-06,Chen et al. (2019),TRUE,TRUE,TRUE,TRUE,FALSE,SLACS,SPACE,0.84,0.05,Intermediate
J004402.9+011312.6,J004402.9+011312.6,0.1195824,0.196,254.28107,12.22925,260.6035998,15.11451429,0.79,1.5,2.0678043,1.6925,3.83E-06,7.27E-06,1.00E-05,8.21E-06,LaStBeRu_cosmo_ground,TRUE,TRUE,TRUE,TRUE,TRUE,SLACS,SPACE,0.66,0.05,Intermediate
J010933.7+150032.5,SDSSJ0109+1500,0.294,0.525,251,19,264.1993255,22.55267633,0.69,1.5,1.38,1.4,3.35E-06,7.27E-06,6.69E-06,6.79E-06,Chen et al. (2019),TRUE,TRUE,TRUE,TRUE,FALSE,SLACS,SPACE,0.55,0.05,Intermediate
J015758.9-005626.1,SDSSJ0157−0056,0.513,0.924,295,47,315.9670764,52.36114147,0.79,1.5,1.06,1.4,3.83E-06,7.27E-06,5.14E-06,6.79E-06,Chen et al. (2019),TRUE,TRUE,TRUE,TRUE,FALSE,SLACS,SPACE,0.72,0.05,Intermediate
J021652.5-081345.3,J021652.5-081345.3,0.33165297,0.524,332.00018,23.987709,334.5106014,26.20000164,1.16,1.5,2.6764064,1.634,5.62E-06,7.27E-06,1.30E-05,7.92E-06,LaStBeRu_cosmo_ground,TRUE,FALSE,TRUE,TRUE,TRUE,SLACS,SPACE,0.79,0.05,Intermediate
J025245.2+003958.4,J025245.2+003958.4,0.28029707,0.982,172.09563,10.717397,182.9309783,13.82347855,1.04,1.5,1.1894392,2.0725,5.04E-06,7.27E-06,5.77E-06,1.00E-05,LaStBeRu_cosmo_ground,TRUE,FALSE,TRUE,TRUE,TRUE,SLACS,SPACE,0.93,0.05,Intermediate
J033012.1-002051.9,SDSSJ0330−0020,0.351,1.071,212,21,225.2163426,24.28425733,1.1,1.5,1.2,1.4,5.33E-06,7.27E-06,5.82E-06,6.79E-06,Chen et al. (2019),TRUE,TRUE,TRUE,TRUE,FALSE,SLACS,SPACE,0.81,0.05,Intermediate
J040535.4-045552.4,SDSSJ0405−0455,0.075,0.81,160,7,168.5762612,9.966905092,0.8,1.5,1.36,1.4,3.88E-06,7.27E-06,6.59E-06,6.79E-06,Chen et al. (2019),TRUE,FALSE,TRUE,TRUE,FALSE,SLACS,SPACE,0.72,0.05,Intermediate
J072805.0+383525.7,SDSSJ0728+3835,0.206,0.688,214,11,221.501186,13.72393537,1.25,1.5,1.78,1.4,6.06E-06,7.27E-06,8.63E-06,6.79E-06,Chen et al. (2019),TRUE,TRUE,TRUE,TRUE,FALSE,SLACS,SPACE,0.85,0.05,Intermediate
J073728.5+321618.6,SDSSJ0737+3216,0.322,0.581,338,16,339.3831388,19.03266938,1,1.5,2.82,1.4,4.85E-06,7.27E-06,1.37E-05,6.79E-06,Chen et al. (2019),TRUE,FALSE,TRUE,TRUE,FALSE,SLACS,SPACE,0.67,0.05,Intermediate
J080858.8+470638.9,J0808+4706,0.219,1.025,236,11,239.3702601,13.37643817,1.23,1.5,2.42,1.4,5.96E-06,7.27E-06,1.17E-05,6.79E-06,Cao et al. (2015),TRUE,TRUE,FALSE,FALSE,FALSE,SLACS,SPACE,0,0,Intermediate
J082242.3+265243.5,J082242.3+265243.5,0.24131711,0.594,254.685,15.285655,260.1244936,17.6689375,1.17,1.5,2.178023,1.935,5.67E-06,7.27E-06,1.06E-05,9.38E-06,LaStBeRu_cosmo_ground,TRUE,TRUE,TRUE,TRUE,TRUE,SLACS,SPACE,0.88,0.05,Intermediate
J084128.8+382413.7,J0841+3824,0.116,0.657,225,11,220.0239224,12.85806317,1.41,1.5,4.21,1.4,6.84E-06,7.27E-06,2.04E-05,6.79E-06,Cao et al. (2015),TRUE,TRUE,FALSE,FALSE,FALSE,SLACS,SPACE,0.79,0.05,Intermediate
J090315.2+411609.1,SDSSJ0903+4116,0.43,1.065,223,27,230.8166565,29.06474655,1.29,1.5,1.78,1.4,6.25E-06,7.27E-06,8.63E-06,6.79E-06,Chen et al. (2019),TRUE,TRUE,TRUE,TRUE,FALSE,SLACS,SPACE,0.9,0.05,Intermediate
J091205.3+002901.2,J091205.3+002901.2,0.16419417,0.324,309.71875,11.792473,313.4481147,15.30931528,1.63,1.5,2.5024257,2.802,7.90E-06,7.27E-06,1.21E-05,1.36E-05,LaStBeRu_cosmo_ground,TRUE,FALSE,TRUE,TRUE,TRUE,SLACS,SPACE,0.56,0.05,Intermediate
J093543.9-000334.8,SDSSJ0935−0003,0.347,0.467,396,35,387.0606684,36.39612921,0.87,1.5,4.24,1.4,4.22E-06,7.27E-06,2.06E-05,6.79E-06,Chen et al. (2019),TRUE,FALSE,TRUE,TRUE,FALSE,SLACS,SPACE,0.69,0.05,Intermediate
J093600.8+091335.8,J093600.8+091335.8,0.18969856,0.588,238.41168,11.523771,243.5827354,14.10139683,1.09,1.5,2.1673281,1.4375,5.28E-06,7.27E-06,1.05E-05,6.97E-06,LaStBeRu_cosmo_ground,TRUE,TRUE,TRUE,TRUE,TRUE,SLACS,SPACE,0.89,0.05,Intermediate
J094656.7+100652.8,J094656.7+100652.8,0.22193049,0.608,256.57837,20.485062,262.5889778,22.60154031,1.38,1.5,2.1122766,1.23667,6.69E-06,7.27E-06,1.02E-05,6.00E-06,LaStBeRu_cosmo_ground,TRUE,TRUE,TRUE,TRUE,TRUE,SLACS,SPACE,0.81,0.05,Intermediate
J095629.8+510006.6,J095629.8+510006.6,0.24054681,0.47,297.43375,16.247213,305.0424618,19.39686823,1.33,1.5,2.0460129,1.65333,6.45E-06,7.27E-06,9.92E-06,8.02E-06,LaStBeRu_cosmo_ground,TRUE,FALSE,TRUE,TRUE,TRUE,SLACS,SPACE,0.63,0.05,Intermediate
J095901.0+441639.4,J095901.0+441639.4,0.23687448,0.531,238.48656,19.836023,243.1453729,21.62707426,0.96,1.5,2.2377765,1.59333,4.65E-06,7.27E-06,1.08E-05,7.72E-06,LaStBeRu_cosmo_ground,FALSE,FALSE,TRUE,TRUE,TRUE,SLACS,SPACE,0.92,0.05,Intermediate
J095944.1+041017.0,J095944.1+041017.0,0.12597495,0.535,202.76117,12.295512,213.7771214,15.52939502,0.99,1.5,1.34584,1.8225,4.80E-06,7.27E-06,6.52E-06,8.84E-06,LaStBeRu_cosmo_ground,TRUE,FALSE,TRUE,TRUE,TRUE,SLACS,SPACE,0.92,0.05,Intermediate
J101622.9+385903.3,J101622.9+385903.3,0.16794638,0.439,250.57309,13.494784,260.0485882,16.74209626,1.09,1.5,1.709534,2.23667,5.28E-06,7.27E-06,8.29E-06,1.08E-05,LaStBeRu_cosmo_ground,TRUE,TRUE,TRUE,TRUE,TRUE,SLACS,SPACE,0.78,0.05,Intermediate
J102026.5+112241.1,J102026.5+112241.1,0.28218752,0.553,273.9655,18.60591,291.2328894,23.38251346,1.2,1.5,1.188314,1.285,5.82E-06,7.27E-06,5.76E-06,6.23E-06,LaStBeRu_cosmo_ground,TRUE,TRUE,TRUE,TRUE,TRUE,SLACS,SPACE,0.8,0.05,Intermediate
J102332.3+423001.8,J102332.3+423001.8,0.19114423,0.696,254.76361,13.742515,261.7093698,16.53258872,1.41,1.5,1.995828,1.85,6.84E-06,7.27E-06,9.68E-06,8.97E-06,LaStBeRu_cosmo_ground,TRUE,TRUE,TRUE,TRUE,TRUE,SLACS,SPACE,0.87,0.05,Intermediate
J102922.9+042001.8,SDSSJ1029+0420,0.104,0.615,210,9,219.26185,12.40799822,1.01,1.5,1.56,1.4,4.90E-06,7.27E-06,7.56E-06,6.79E-06,Chen et al. (2019),FALSE,FALSE,TRUE,TRUE,FALSE,SLACS,SPACE,0.84,0.05,Intermediate
J110024.4+532913.9,J110024.4+532913.9,0.31712374,0.858,189.74492,25.027512,191.1496785,25.86632349,1.52,1.5,2.6827776,1.94,7.37E-06,7.27E-06,1.30E-05,9.41E-06,LaStBeRu_cosmo_ground,TRUE,FALSE,TRUE,TRUE,TRUE,SLACS,SPACE,0.53,0.05,Intermediate
J110646.1+522837.8,J110646.1+522837.8,0.095504895,0.407,263.7968,10.212546,271.1346191,13.79043419,1.23,1.5,1.9796305,1.94,5.96E-06,7.27E-06,9.60E-06,9.41E-06,LaStBeRu_cosmo_ground,TRUE,TRUE,TRUE,TRUE,TRUE,SLACS,SPACE,0.76,0.05,Intermediate
J111250.6+082610.4,J111250.6+082610.4,0.27288583,0.63,298.8622,21.427824,311.7965503,25.11728249,1.49,1.5,1.5788053,3.02,7.22E-06,7.27E-06,7.65E-06,1.46E-05,LaStBeRu_cosmo_ground,TRUE,FALSE,TRUE,TRUE,TRUE,SLACS,SPACE,0.75,0.05,Intermediate
J113405.9+602713.5,J113405.9+602713.5,0.1528016,0.474,232.80614,10.174842,240.2225077,13.27976559,1.1,1.5,1.8653861,2.205,5.33E-06,7.27E-06,9.04E-06,1.07E-05,LaStBeRu_cosmo_ground,TRUE,TRUE,TRUE,TRUE,TRUE,SLACS,SPACE,0.77,0.05,Intermediate
J114257.3+100111.8,J114257.3+100111.8,0.22186452,0.504,212.87328,22.136982,216.291173,23.47295613,0.98,1.5,2.3567226,1.92667,4.75E-06,7.27E-06,1.14E-05,9.34E-06,LaStBeRu_cosmo_ground,TRUE,TRUE,TRUE,TRUE,TRUE,SLACS,SPACE,0.83,0.05,Intermediate
J114329.6-014430.0,J114329.6-014430.0,0.106046475,0.402,261.71167,4.9915257,262.041369,9.316891366,1.68,1.5,2.9433157,1.87571,8.14E-06,7.27E-06,1.43E-05,9.09E-06,LaStBeRu_cosmo_ground,TRUE,TRUE,TRUE,TRUE,TRUE,SLACS,SPACE,0.75,0.05,Intermediate
J115310.8+461205.3,J115310.8+461205.3,0.17968723,0.875,210.923,14.673497,219.8828941,17.27500455,1.05,1.5,1.5972437,1.60667,5.09E-06,7.27E-06,7.74E-06,7.79E-06,LaStBeRu_cosmo_ground,TRUE,TRUE,TRUE,TRUE,TRUE,SLACS,SPACE,0.77,0.05,Intermediate
J120444.1+035806.4,J120444.1+035806.4,0.16436547,0.631,246.18465,15.715,257.3930607,19.03728845,1.31,1.5,1.5281065,1.41,6.35E-06,7.27E-06,7.41E-06,6.84E-06,LaStBeRu_cosmo_ground,TRUE,TRUE,TRUE,TRUE,TRUE,SLACS,SPACE,0.84,0.05,Intermediate
J120540.4+491029.4,J120540.4+491029.4,0.21497631,0.481,295.8969,13.771117,301.5046605,16.93295569,1.22,1.5,2.2572603,2.268,5.91E-06,7.27E-06,1.09E-05,1.10E-05,LaStBeRu_cosmo_ground,TRUE,TRUE,TRUE,TRUE,TRUE,SLACS,SPACE,0.7,0.05,Intermediate
J121340.6+670829.0,J121340.6+670829.0,0.1228466,0.64,278.41934,9.958898,279.6285051,13.06839642,1.42,1.5,2.8093476,2.2925,6.88E-06,7.27E-06,1.36E-05,1.11E-05,LaStBeRu_cosmo_ground,TRUE,TRUE,TRUE,TRUE,TRUE,SLACS,SPACE,0.83,0.05,Intermediate
J121826.7+083050.3,J121826.7+083050.3,0.13501915,0.717,222.21953,9.512316,222.8294989,11.65171807,1.45,1.5,2.877955,1.96,7.03E-06,7.27E-06,1.40E-05,9.50E-06,LaStBeRu_cosmo_ground,TRUE,TRUE,TRUE,TRUE,TRUE,SLACS,SPACE,0.75,0.05,Intermediate
J125028.3+052349.1,J125028.3+052349.1,0.23176008,0.795,246.32397,14.934856,256.0687347,18.02046971,1.13,1.5,1.6665565,2.10333,5.48E-06,7.27E-06,8.08E-06,1.02E-05,LaStBeRu_cosmo_ground,TRUE,TRUE,TRUE,TRUE,TRUE,SLACS,SPACE,0.96,0.05,Intermediate
J125135.7-020805.2,J1251-0208,0.224,0.784,233,23,235.1514442,24.28474332,0.84,1.5,2.61,1.4,4.07E-06,7.27E-06,1.27E-05,6.79E-06,Cao et al. (2015),TRUE,TRUE,FALSE,FALSE,FALSE,SLACS,SPACE,0.67,0.05,Intermediate
J133045.5-014841.6,J133045.5-014841.6,0.08081221,0.712,182.70668,9.018773,192.7163729,12.26111298,0.87,1.5,1.3370533,1.4825,4.22E-06,7.27E-06,6.48E-06,7.19E-06,LaStBeRu_cosmo_ground,TRUE,FALSE,FALSE,FALSE,TRUE,SLACS,SPACE,0.44,0.05,Intermediate
J140228.2+632133.5,J140228.2+632133.5,0.20455554,0.481,267.60867,15.337714,270.1048515,17.51821247,1.35,1.5,2.606317,2.37,6.54E-06,7.27E-06,1.26E-05,1.15E-05,LaStBeRu_cosmo_ground,TRUE,TRUE,TRUE,TRUE,TRUE,SLACS,SPACE,0.83,0.05,Intermediate
J140329.5+000641.4,SDSSJ1403+0006,0.189,0.473,213,17,223.3687006,19.77134993,0.83,1.5,1.46,1.4,4.02E-06,7.27E-06,7.08E-06,6.79E-06,Chen et al. (2019),TRUE,TRUE,TRUE,TRUE,FALSE,SLACS,SPACE,0.81,0.05,Intermediate
J141622.3+513630.4,SDSSJ1416+5136,0.299,0.811,240,25,252.0281584,28.00637704,1.37,1.5,1.43,1.4,6.64E-06,7.27E-06,6.93E-06,6.79E-06,Chen et al. (2019),TRUE,TRUE,TRUE,TRUE,FALSE,SLACS,SPACE,0.94,0.05,Intermediate
J142015.8+601914.8,J142015.8+601914.8,0.06290922,0.535,198.88329,4.0295906,202.650081,7.578462942,1.0424,1.5,2.2576642,2.08333,5.05E-06,7.27E-06,1.09E-05,1.01E-05,LaStBeRu_cosmo_ground,FALSE,FALSE,TRUE,TRUE,TRUE,SLACS,SPACE,0.67,0.05,Intermediate
J143004.1+410557.2,J143004.1+410557.2,0.28491762,0.575,294.2747,29.708693,304.3437037,32.45939706,1.52,1.5,1.801924,1.58333,7.37E-06,7.27E-06,8.74E-06,7.68E-06,LaStBeRu_cosmo_ground,TRUE,FALSE,TRUE,TRUE,TRUE,SLACS,SPACE,0.68,0.05,Intermediate
J143213.3+631703.8,J143213.3+631703.8,0.12305117,0.664,193.69354,7.617968,189.0438704,9.629088122,1.26,1.5,4.3351903,2.35333,6.11E-06,7.27E-06,2.10E-05,1.14E-05,LaStBeRu_cosmo_ground,FALSE,FALSE,FALSE,FALSE,TRUE,SLACS,SPACE,0.96,0.05,Intermediate
J143627.5-000029.2,J143627.5-000029.2,0.285207,0.805,217.61642,16.908747,219.6313406,18.32111254,1.12,1.5,2.6090057,1.925,5.43E-06,7.27E-06,1.26E-05,9.33E-06,LaStBeRu_cosmo_ground,TRUE,TRUE,TRUE,TRUE,TRUE,SLACS,SPACE,0.72,0.05,Intermediate
J144319.6+030408.2,SDSSJ1443+0304,0.134,0.419,209,11,225.6367578,16.17152024,0.81,1.5,0.94,1.4,3.93E-06,7.27E-06,4.56E-06,6.79E-06,Chen et al. (2019),FALSE,FALSE,TRUE,TRUE,FALSE,SLACS,SPACE,0.73,0.05,Intermediate
J145128.2-023936.4,J145128.2-023936.4,0.12533149,0.52,212.67827,13.248729,218.0007603,15.31193402,1.04,1.5,2.0628679,2.36,5.04E-06,7.27E-06,1.00E-05,1.14E-05,LaStBeRu_cosmo_ground,TRUE,TRUE,TRUE,TRUE,TRUE,SLACS,SPACE,0.97,0.05,Intermediate
J152506.7+332747.4,J152506.7+332747.4,0.35829347,0.717,302.576,29.241125,308.3387927,31.33607059,1.31,1.5,2.2541065,1.44667,6.35E-06,7.27E-06,1.09E-05,7.01E-06,LaStBeRu_cosmo_ground,TRUE,TRUE,TRUE,TRUE,TRUE,SLACS,SPACE,0.51,0.05,Intermediate
J153150.1-010545.7,J153150.1-010545.7,0.15960732,0.744,247.00748,12.781914,249.2038009,14.94672557,1.71,1.5,2.6234355,1.84667,8.29E-06,7.27E-06,1.27E-05,8.95E-06,LaStBeRu_cosmo_ground,TRUE,TRUE,TRUE,TRUE,TRUE,SLACS,SPACE,0.77,0.05,Intermediate
J153812.9+581709.8,SDSSJ1538+5817,0.143,0.531,189,12,197.1698197,14.46070027,1,1.5,1.58,1.4,4.85E-06,7.27E-06,7.66E-06,6.79E-06,Chen et al. (2019),TRUE,FALSE,TRUE,TRUE,FALSE,SLACS,SPACE,0.89,0.05,Intermediate
J162133.0+393144.6,J162133.0+393144.6,0.24480326,0.602,228.21793,20.339714,231.8812382,21.8836172,1.29,1.5,2.3568702,1.80667,6.25E-06,7.27E-06,1.14E-05,8.76E-06,LaStBeRu_cosmo_ground,TRUE,TRUE,TRUE,TRUE,TRUE,SLACS,SPACE,0.77,0.05,Intermediate
J162746.5-005357.6,J162746.5-005357.6,0.207579,0.524,286.13788,13.146812,292.4305231,16.35863572,1.23,1.5,2.1576433,1.85,5.96E-06,7.27E-06,1.05E-05,8.97E-06,LaStBeRu_cosmo_ground,TRUE,TRUE,TRUE,TRUE,TRUE,SLACS,SPACE,0.91,0.05,Intermediate
J163028.2+452036.3,J163028.2+452036.3,0.24788925,0.793,252.23877,16.095854,258.8279112,18.5531304,1.78,1.5,2.0297165,1.54333,8.63E-06,7.27E-06,9.84E-06,7.48E-06,LaStBeRu_cosmo_ground,TRUE,TRUE,TRUE,TRUE,TRUE,SLACS,SPACE,0.87,0.05,Intermediate
J163602.6+470729.6,J163602.6+470729.6,0.22820282,0.674,222.94696,15.157878,231.7119581,17.78939227,1.09,1.5,1.6725552,1.35333,5.28E-06,7.27E-06,8.11E-06,6.56E-06,LaStBeRu_cosmo_ground,TRUE,TRUE,TRUE,TRUE,TRUE,SLACS,SPACE,0.79,0.05,Intermediate
J223840.1-075456.0,SDSSJ2238−0754,0.137,0.713,198,11,201.3305604,12.82206132,1.27,1.5,2.33,1.4,6.16E-06,7.27E-06,1.13E-05,6.79E-06,Chen et al. (2019),TRUE,FALSE,TRUE,TRUE,FALSE,SLACS,SPACE,0.85,0.05,Intermediate
J230053.2+002238.0,J230053.2+002238.0,0.22846797,0.464,267.2193,18.099037,276.8016114,21.07659182,1.24,1.5,1.7591022,1.93333,6.01E-06,7.27E-06,8.53E-06,9.37E-06,LaStBeRu_cosmo_ground,TRUE,TRUE,TRUE,TRUE,TRUE,SLACS,SPACE,0.71,0.05,Intermediate
J230321.7+142217.9,J230321.7+142217.9,0.15529019,0.517,248.74602,15.25887,251.3468258,17.21318785,1.62,1.5,2.5625825,1.48333,7.85E-06,7.27E-06,1.24E-05,7.19E-06,LaStBeRu_cosmo_ground,TRUE,TRUE,TRUE,TRUE,TRUE,SLACS,SPACE,0.61,0.05,Intermediate
J232120.9-093910.3,J232120.9-093910.3,0.08185432,0.532,238.8343,7.9556713,237.0524603,10.6636825,1.6,1.5,3.3604503,1.58,7.76E-06,7.27E-06,1.63E-05,7.66E-06,LaStBeRu_cosmo_ground,TRUE,TRUE,TRUE,TRUE,TRUE,SLACS,SPACE,0.86,0.05,Intermediate
J234111.6+000018.7,J234111.6+000018.7,0.18594977,0.807,223.81316,13.710816,227.8566228,15.67571874,1.44,1.5,2.2871914,1.41667,6.98E-06,7.27E-06,1.11E-05,6.87E-06,LaStBeRu_cosmo_ground,TRUE,TRUE,TRUE,TRUE,TRUE,SLACS,SPACE,0.76,0.05,Intermediate
J015618.1-010747.1,J015618.1-010747.1,0.54232,1.167,252.23653,30.931232,256.2561577,32.41421548,0.84,1,1.5739638,1.74512,4.07E-06,4.85E-06,7.63E-06,8.46E-06,LaStBeRu_cosmo_ground,FALSE,FALSE,FALSE,FALSE,TRUE,SuGOHI,GROUND,0.99,0.01,major
J020241.4-064611.3,J020241.4-064611.3,0.50198656,2.748,159.52724,25.586084,166.060213,27.29995889,1.16,1,1.0887493,2.04698,5.62E-06,4.85E-06,5.28E-06,9.92E-06,LaStBeRu_cosmo_ground,FALSE,FALSE,FALSE,FALSE,TRUE,SuGOHI,GROUND,0.85,0.01,major
J023817.8-054555.6,J023817.8-054555.6,0.59926045,1.763,382.24545,86.297585,397.7604829,90.93462196,0.93,1,1.0945164,1.44204,4.51E-06,4.85E-06,5.31E-06,6.99E-06,LaStBeRu_cosmo_ground,FALSE,FALSE,FALSE,FALSE,TRUE,SuGOHI,GROUND,0.92,0.01,major
J085856.0-010208.5,J085856.0-010208.5,0.4674695,1.421,184.74664,27.167465,191.42558,28.92982037,1,1,1.1677282,1.41676,4.85E-06,4.85E-06,5.66E-06,6.87E-06,LaStBeRu_cosmo_ground,FALSE,FALSE,FALSE,FALSE,TRUE,SuGOHI,GROUND,0.93,0.01,major
J120623.9+001507.1,J120623.9+001507.1,0.56321204,3.12,271.18137,46.952328,270.6797165,47.56444048,1.17,1,2.0569034,1.60969,5.67E-06,4.85E-06,9.97E-06,7.80E-06,LaStBeRu_cosmo_ground,FALSE,FALSE,FALSE,FALSE,TRUE,SuGOHI,GROUND,0.94,0.01,major
J121052.5-011905.2,J121052.5-011905.2,0.6997722,2.295,334.17868,65.92685,343.4244816,68.68978842,1.28,1,1.3226547,1.60969,5.62E-06,4.85E-06,6.41E-06,7.80E-06,LaStBeRu_cosmo_ground,FALSE,FALSE,FALSE,FALSE,TRUE,SuGOHI,GROUND,0.91,0.01,major
J140929.7-011410.8,J140929.7-011410.8,0.5842391,2.302,187.00964,32.86072,190.8611061,34.07833462,1.24,1,1.4685439,1.64626,6.01E-06,4.85E-06,7.12E-06,7.98E-06,LaStBeRu_cosmo_ground,FALSE,FALSE,FALSE,FALSE,TRUE,SuGOHI,GROUND,0.7,0.01,major
J141300.1-012608.2,J141300.1-012608.2,0.7490449,2.666,243.2257,67.41699,247.5819971,69.06021463,1.14,1,1.5283326,1.64626,5.53E-06,4.85E-06,7.41E-06,7.98E-06,LaStBeRu_cosmo_ground,FALSE,FALSE,FALSE,FALSE,TRUE,SuGOHI,GROUND,0.67,0.01,major
J141815.7+015832.3,J141815.7+015832.3,0.5559036,2.139,219.28467,29.806479,223.9688924,31.2655707,1.4,1,1.4519368,1.43042,6.79E-06,4.85E-06,7.04E-06,6.93E-06,LaStBeRu_cosmo_ground,FALSE,FALSE,FALSE,FALSE,TRUE,SuGOHI,GROUND,0.68,0.01,major
J142720.5+001916.0,J142720.5+001916.0,0.5506772,1.266,240.45128,31.248152,248.4733649,33.38976413,1.4,1,1.216408,1.46145,6.79E-06,4.85E-06,5.90E-06,7.09E-06,LaStBeRu_cosmo_ground,FALSE,FALSE,FALSE,FALSE,TRUE,SuGOHI,GROUND,0.88,0.01,major
J144307.2-004056.1,J144307.2-004056.1,0.50020343,1.071,266.9121,35.158466,275.4047417,37.45527322,1.1,1,1.2442901,1.33075,5.33E-06,4.85E-06,6.03E-06,6.45E-06,LaStBeRu_cosmo_ground,FALSE,FALSE,FALSE,FALSE,TRUE,SuGOHI,GROUND,0.82,0.01,major
J163257.7+424611.3,J163257.7+424611.3,0.22820336,0.41,293.75485,16.290525,301.9639551,19.488507,1.42,1.5,1.9758625,1.9575,7.95E-06,7.27E-06,9.58E-06,9.49E-06,LaStBeRu_cosmo_ground,FALSE,FALSE,FALSE,FALSE,TRUE,SuGOHI,GROUND,0.87,0.01,circular
J222802.0+012805.6,J222802.0+012805.6,0.6472058,2.462,301.04623,46.231384,312.1742465,49.17396818,1.73,1,1.1539403,1.5072,8.39E-06,4.85E-06,5.59E-06,7.31E-06,LaStBeRu_cosmo_ground,FALSE,FALSE,FALSE,FALSE,TRUE,SuGOHI,GROUND,0.61,0.01,major
J223733.5+005015.7,J223733.5+005015.7,0.6045253,2.143,243.79288,42.440914,243.0421074,42.93550159,1.29,1,2.095682,1.3195,6.25E-06,4.85E-06,1.02E-05,6.40E-06,LaStBeRu_cosmo_ground,FALSE,FALSE,FALSE,FALSE,TRUE,SuGOHI,GROUND,0.79,0.01,major
J230335.2+003703.2,J230335.2+003703.2,0.45817515,0.936,260.08417,29.965488,268.2590295,32.20654899,1.02,1,1.251374,1.85621,4.95E-06,4.85E-06,6.07E-06,9.00E-06,LaStBeRu_cosmo_ground,TRUE,TRUE,TRUE,TRUE,TRUE,SuGOHI,GROUND,0.44,0.01,major
